date,value
2021-01,1.57
2021-02,1.53
2021-03,1.66
2021-04,1.52
2021-05,1.64
2021-06,1.61
2021-07,1.55
2021-08,1.67
2021-09,1.58
2021-10,1.7
2021-11,1.64
2021-12,1.68
2022-01,1.81
2022-02,1.96
2022-03,1.87
2022-04,1.98
2022-05,2.18
2022-06,2.38
2022-07,2.43
2022-08,2.54
2022-09,2.85
2022-10,2.8
2022-11,3.19
2022-12,3.24
2023-01,3.38
2023-02,3.55
2023-03,3.75
2023-04,4.01
2023-05,3.98
2023-06,4.18
2023-07,4.28
2023-08,4.28
2023-09,4.38
2023-10,4.31
2023-11,4.35
2023-12,4.42
2024-01,4.56
2024-02,4.51
2024-03,4.5
2024-04,4.58
2024-05,4.56
2024-06,4.51
2024-07,4.61
2024-08,4.58
2024-09,4.45
2024-10,4.52
2024-11,4.49
2024-12,4.56
2025-01,4.51
2025-02,4.38
2025-03,4.53
2025-04,4.31
2025-05,4.36
2025-06,4.43
2025-07,4.26
2025-08,4.33
2025-09,4.2
2025-10,4.33
2025-11,4.34
2025-12,4.28
