id,claim,fact,period_or_date,source,url,evidence_grade,does_not_prove
E01,Jensen Huang called Marvell the next trillion-dollar company,"On stage with Matt Murphy at Computex Taipei; wording varies by outlet (e.g. 'The next trillion-dollar company, ladies and gentlemen'); stock +32.5% that day",2026-06-02,Quartz / Sherwood,https://qz.com/jensen-huang-marvell-trillion-dollar-company-stock-060226,confirmed (event); exact wording unverified,Any revenue or valuation fact; Nvidia holds a $2B stake (conflict of interest)
E02,Q2 FY27 results,"Revenue $2.739B (+37% YoY); data center $2.172B (+46%, 79% of revenue); GAAP GM 53.1%; non-GAAP GM 58.9%; GAAP EPS $0.33; non-GAAP EPS $0.94",Q2 FY27 (ended 2026-08-01),Marvell 8-K Ex.99.1,https://www.sec.gov/Archives/edgar/data/1835632/000183563226000022/q227_8kx812026ex-991.htm,confirmed disclosure,Custom silicon revenue breakout
E03,Q3 FY27 guidance,Revenue $3.150B +/-5%; non-GAAP GM 57.5%-58.5%,guidance issued 2026-08-27,Marvell 8-K Ex.99.1,https://www.sec.gov/Archives/edgar/data/1835632/000183563226000022/q227_8kx812026ex-991.htm,confirmed disclosure,Actual delivery
E04,Long-term framework,FY28 revenue ~$20B; FY31 revenue $70-90B; GM 56-59%; op margin 44-46%; FCF margin >36%; EPS >$30 at midpoint; custom FY29 >$12B; FY31 midpoint ~$30B custom and ~$37.5B interconnect,Investor Day 2026-10-06,Benzinga / TipRanks / Investing.com,https://www.investing.com/news/stock-market-news/marvell-technology-stock-rallies-following-ambitious-investor-day-targets-4934767,company target (forward-looking),Achievement; segment split is secondary summary
E05,Google custom-chip agreement and warrant,Commercial agreement 2026-07-29; warrant for up to 58.97M shares at $206.58 (~$12.18B) vesting per $500M of custom revenue through FY33,2026-08-19 filing,Mobile World Live (citing 8-K / Reuters),https://www.mobileworldlive.com/network-tech/marvell-hands-google-right-to-buy-12b-stake-in-chip-deal/,confirmed disclosure,Timing of revenue (management says meaningful from FY29)
E06,Nvidia investment and NVLink Fusion,$2B equity investment; Marvell custom XPUs and scale-up networking compatible with NVLink Fusion; joint silicon photonics,2026-03-31,DatacenterDynamics,https://datacenterdynamics.com/en/news/nvidia-invests-2bn-in-marvell-as-part-of-wider-nvlink-fusion-deal,confirmed disclosure,Orders or revenue from the partnership
E07,Celestial AI acquisition,Closed 2026-02-02; $3.25B upfront ($1.0B cash + ~27.2M shares) + up to 27.2M earnout shares; targets $500M run-rate FY28 and $1B FY29,2026-02-02,Marvell press release,https://investor.marvell.com/news-events/press-releases/detail/1005/marvell-completes-acquisition-of-celestial-ai,confirmed disclosure,Commercial traction
E08,AWS Trainium share,Benchmark (Dec 2025) claims Trainium 3/4 lost to Alchip; JPMorgan says Trainium 3 ramp starting and Trainium 4 (2nm) in design,2025-12 to 2026,Yahoo Finance / analyst notes,https://finance.yahoo.com/news/marvell-mrvl-stock-downgraded-concerns-092046712.html,conflicting analyst views,Either side; needs company disclosure
E09,Custom ASIC market share,Counterpoint expects Broadcom ~60% share in 2027 and Marvell design-services share ~8% while its shipments double,2026 forecast,Finviz (Counterpoint),https://finviz.com/news/288744/broadcom-set-to-dominate-custom-ai-chip-market-with-60-share-by-2027-counterpoint-says,third-party estimate,Actual share
E10,Broadcom AI scale,FQ3 2026 AI revenue $16.7B (+221%); FY27 AI revenue outlook ~$115B; FY28 ~$230B,FQ3 2026 (ended 2026-08-02),Broadcom earnings coverage,https://beancount.io/blog/2026/08/25/broadcom-fy2026-q2-earnings-analysis,secondary summary of company guidance,Verify against Broadcom 8-K
E11,Market cap,Close $287.01 on 2026-10-06; 876.9M shares; market cap $251.68B (verified with financial_rigor.py; 0.00% deviation),2026-10-06,Market data aggregators,https://www.tradingview.com/symbols/NASDAQ-MRVL/,market data (check live quote),Intraday or later prices
E12,Analyst targets after Investor Day,BofA $400; Jefferies $450; Evercore $433; TD Cowen $350 (upgrade); Cantor $350 (Neutral); Needham / Piper $400,2026-10-07,Benzinga / TipRanks,https://www.tipranks.com/news/why-marvell-stock-jumped-5-8-and-why-analysts-raised-their-price-targets,secondary,Analyst accuracy
